[{"datasetid": "medecins-generalistes-et-infirmiers", "recordid": "d06b56a7e400b611e73e4711b1163b55a8083fbc", "fields": {"civilite": "MADAME", "specialite": "MEDECIN GENERALISTE", "nom": "CHHIN SIRANE", "geolocalisation": [48.825416564941406, 2.2682294845581055], "cp": 92130.0, "ville": "ISSY LES MOULINEAUX", "adresse": "10 rue du Gouverneur Ebou\u00e9", "prenom": "SIRAWE"}, "geometry": {"type": "Point", "coordinates": [2.2682294845581055, 48.825416564941406]}, "record_timestamp": "2020-02-21T15:36:25.257+01:00"},{"datasetid": "medecins-generalistes-et-infirmiers", "recordid": "9e489dfea1a7e080b103ddb5e736505f210f36b2", "fields": {"civilite": "MONSIEUR", "specialite": "CABINET INFIRMIER", "nom": "SEIGNORET", "geolocalisation": [48.82218933105469, 2.26893949508667], "cp": 92130.0, "ville": "ISSY LES MOULINEAUX", "adresse": "11 villa Telles de la Poterie", "prenom": "CHARLES"}, "geometry": {"type": "Point", "coordinates": [2.26893949508667, 48.82218933105469]}, "record_timestamp": "2020-02-21T15:36:25.257+01:00"},{"datasetid": "medecins-generalistes-et-infirmiers", "recordid": "09024a73dded4e370ed073df7ef96f7303f8eb68", "fields": {"civilite": "MADAME", "specialite": "CABINET INFIRMIER", "nom": "JATZ", "geolocalisation": [48.81858444213867, 2.257714033126831], "cp": 92130.0, "ville": "ISSY LES MOULINEAUX", "adresse": "127 boulevard rodin", "prenom": "SANDRINE"}, "geometry": {"type": "Point", "coordinates": [2.257714033126831, 48.81858444213867]}, "record_timestamp": "2020-02-21T15:36:25.257+01:00"},{"datasetid": "medecins-generalistes-et-infirmiers", "recordid": "7b1332b9a275f8c558286c1864436bf039a5b0c1", "fields": {"civilite": "MONSIEUR", "specialite": "MEDECIN GENERALISTE", "nom": "KUJAWINSKI", "geolocalisation": [48.8199462890625, 2.25203800201416], "commentaire": "Centre Medical Sainte-Lucie", "cp": 92130.0, "ville": "ISSY LES MOULINEAUX", "adresse": "15 all\u00e9e Sainte-Lucie", "prenom": "MATTHIEU"}, "geometry": {"type": "Point", "coordinates": [2.25203800201416, 48.8199462890625]}, "record_timestamp": "2020-02-21T15:36:25.257+01:00"},{"datasetid": "medecins-generalistes-et-infirmiers", "recordid": "8e3e7aac09291a1b7c8f38bae2a17688c4c8a8f0", "fields": {"civilite": "MADAME", "specialite": "MEDECIN GENERALISTE", "nom": "VITALE MASSART", "geolocalisation": [48.81891632080078, 2.2539401054382324], "commentaire": "CABINET MEDICAL", "cp": 92130.0, "ville": "ISSY LES MOULINEAUX", "adresse": "166 avenue de Verdun", "prenom": "GLADYS"}, "geometry": {"type": "Point", "coordinates": [2.2539401054382324, 48.81891632080078]}, "record_timestamp": "2020-02-21T15:36:25.257+01:00"},{"datasetid": "medecins-generalistes-et-infirmiers", "recordid": "149635f4043520aebdea1fd4d38768ba24a64658", "fields": {"civilite": "MADAME", "specialite": "MEDECIN GENERALISTE", "nom": "LEVY ABDULGAN", "geolocalisation": [48.81891632080078, 2.2539401054382324], "commentaire": "CABINET MEDICAL", "cp": 92130.0, "ville": "ISSY LES MOULINEAUX", "adresse": "166 avenue de Verdun", "prenom": "DORA"}, "geometry": {"type": "Point", "coordinates": [2.2539401054382324, 48.81891632080078]}, "record_timestamp": "2020-02-21T15:36:25.257+01:00"},{"datasetid": "medecins-generalistes-et-infirmiers", "recordid": "10d2cf11e89240e2a61f9951c2370eb26d8cc02c", "fields": {"civilite": "MADAME", "specialite": "MEDECIN GENERALISTE", "nom": "NGUYEN", "geolocalisation": [48.823673248291016, 2.2658560276031494], "cp": 92130.0, "ville": "ISSY LES MOULINEAUX", "adresse": "21 rue d'Estienne d'Orves", "prenom": "THI KIMANH"}, "geometry": {"type": "Point", "coordinates": [2.2658560276031494, 48.823673248291016]}, "record_timestamp": "2020-02-21T15:36:25.257+01:00"},{"datasetid": "medecins-generalistes-et-infirmiers", "recordid": "0e372743e893567dae953efa2d736f22982d584d", "fields": {"civilite": "MADAME", "specialite": "MEDECIN GENERALISTE", "nom": "GRIDEL", "geolocalisation": [48.822918, 2.26949], "commentaire": "ESPACE SANTE SIMONE VEIL", "cp": 92130.0, "ville": "ISSY LES MOULINEAUX", "adresse": "27 bis avenue Victor Cresson", "prenom": "HELENE"}, "geometry": {"type": "Point", "coordinates": [2.26949, 48.822918]}, "record_timestamp": "2020-02-21T15:36:25.257+01:00"},{"datasetid": "medecins-generalistes-et-infirmiers", "recordid": "10e7abe7143f2e1676adadce33d101cc84798217", "fields": {"civilite": "MADAME", "specialite": "MEDECIN GENERALISTE", "nom": "ZUNIC", "geolocalisation": [48.822918, 2.26949], "commentaire": "ESPACE SANTE SIMONE VEIL", "cp": 92130.0, "ville": "ISSY LES MOULINEAUX", "adresse": "27 bis avenue Victor Cresson", "prenom": "LAURENCE"}, "geometry": {"type": "Point", "coordinates": [2.26949, 48.822918]}, "record_timestamp": "2020-02-21T15:36:25.257+01:00"},{"datasetid": "medecins-generalistes-et-infirmiers", "recordid": "1d1620c3221d62de4f207750705a4258031a9656", "fields": {"civilite": "MADAME", "specialite": "CABINET INFIRMIER", "nom": "FROMENT", "geolocalisation": [48.822918, 2.26949], "commentaire": "ESPACE SANTE SIMONE VEIL", "cp": 92130.0, "ville": "ISSY LES MOULINEAUX", "adresse": "27 bis avenue Victor Cresson", "prenom": "CRISTELE"}, "geometry": {"type": "Point", "coordinates": [2.26949, 48.822918]}, "record_timestamp": "2020-02-21T15:36:25.257+01:00"},{"datasetid": "medecins-generalistes-et-infirmiers", "recordid": "f03e277ea3c033ce67418a7f7d206cf4c329a1ee", "fields": {"civilite": "MONSIEUR", "specialite": "CABINET INFIRMIER", "nom": "CHARPENTIER", "geolocalisation": [48.827545166015625, 2.27622652053833], "cp": 92130.0, "ville": "ISSY LES MOULINEAUX", "adresse": "27 boulevard Gambetta", "prenom": "EMMANUEL"}, "geometry": {"type": "Point", "coordinates": [2.27622652053833, 48.827545166015625]}, "record_timestamp": "2020-02-21T15:36:25.257+01:00"},{"datasetid": "medecins-generalistes-et-infirmiers", "recordid": "441374bb534f3c143d91739d9d5861ebf2ec18fb", "fields": {"civilite": "MADAME", "specialite": "CABINET INFIRMIER", "nom": "AUBIJOUX", "geolocalisation": [48.820430755615234, 2.270355463027954], "cp": 92130.0, "ville": "ISSY LES MOULINEAUX", "adresse": "4 rue Pierre Brossolette", "prenom": "JACQUELINE"}, "geometry": {"type": "Point", "coordinates": [2.270355463027954, 48.820430755615234]}, "record_timestamp": "2020-02-21T15:36:25.257+01:00"},{"datasetid": "medecins-generalistes-et-infirmiers", "recordid": "97d5c719d0e296f5dd18993af97a6bdaee708048", "fields": {"civilite": "MADAME", "specialite": "MEDECIN GENERALISTE", "nom": "GASMAN", "geolocalisation": [48.827545166015625, 2.27622652053833], "commentaire": "CABINET MEDICAL", "cp": 92130.0, "ville": "ISSY LES MOULINEAUX", "adresse": "40 boulevard Gambetta", "prenom": "GERALDINE"}, "geometry": {"type": "Point", "coordinates": [2.27622652053833, 48.827545166015625]}, "record_timestamp": "2020-02-21T15:36:25.257+01:00"},{"datasetid": "medecins-generalistes-et-infirmiers", "recordid": "27747c1b31f49173fac69769326249038e87b331", "fields": {"civilite": "MONSIEUR", "specialite": "MEDECIN GENERALISTE", "nom": "COUTURIER", "geolocalisation": [48.8292121887207, 2.2820534706115723], "cp": 92130.0, "ville": "ISSY LES MOULINEAUX", "adresse": "42 rue Foucher Lepelletier", "prenom": "MICHEL"}, "geometry": {"type": "Point", "coordinates": [2.2820534706115723, 48.8292121887207]}, "record_timestamp": "2020-02-21T15:36:25.257+01:00"},{"datasetid": "medecins-generalistes-et-infirmiers", "recordid": "217f216434313713cfe0468714cd8eaf883618c4", "fields": {"civilite": "MADAME", "specialite": "CABINET INFIRMIER", "nom": "KAMWANYA", "geolocalisation": [48.82236862182617, 2.2667582035064697], "cp": 92130.0, "ville": "ISSY LES MOULINEAUX", "adresse": "49 avenue Victor Cresson", "prenom": "KAMUNGA MAMIE"}, "geometry": {"type": "Point", "coordinates": [2.2667582035064697, 48.82236862182617]}, "record_timestamp": "2020-02-21T15:36:25.257+01:00"},{"datasetid": "medecins-generalistes-et-infirmiers", "recordid": "d6795e19af8339433ca7b7c07c218273a80442b7", "fields": {"civilite": "MONSIEUR", "specialite": "CABINET INFIRMIER", "nom": "DANTIN", "geolocalisation": [48.82236862182617, 2.2667582035064697], "cp": 92130.0, "ville": "ISSY LES MOULINEAUX", "adresse": "49 avenue Victor Cresson", "prenom": "VINCENT"}, "geometry": {"type": "Point", "coordinates": [2.2667582035064697, 48.82236862182617]}, "record_timestamp": "2020-02-21T15:36:25.257+01:00"},{"datasetid": "medecins-generalistes-et-infirmiers", "recordid": "1784919b3ad64a1a32bde4af405761790337e157", "fields": {"civilite": "MONSIEUR", "specialite": "CABINET INFIRMIER", "nom": "FELICITE", "geolocalisation": [48.82236862182617, 2.2667582035064697], "cp": 92130.0, "ville": "ISSY LES MOULINEAUX", "adresse": "49 avenue Victor Cresson", "prenom": "ALAN"}, "geometry": {"type": "Point", "coordinates": [2.2667582035064697, 48.82236862182617]}, "record_timestamp": "2020-02-21T15:36:25.257+01:00"},{"datasetid": "medecins-generalistes-et-infirmiers", "recordid": "49a5995403ffad5b4c0b8b13393cbbbfbb50b396", "fields": {"civilite": "MONSIEUR", "specialite": "CABINET INFIRMIER", "nom": "PRUDENTE", "geolocalisation": [48.82236862182617, 2.2667582035064697], "cp": 92130.0, "ville": "ISSY LES MOULINEAUX", "adresse": "49 avenue Victor Cresson", "prenom": "DELIO"}, "geometry": {"type": "Point", "coordinates": [2.2667582035064697, 48.82236862182617]}, "record_timestamp": "2020-02-21T15:36:25.257+01:00"},{"datasetid": "medecins-generalistes-et-infirmiers", "recordid": "cdb1c3f6b5aa2236ccb8699db7301f5c065fa72d", "fields": {"civilite": "MADAME", "specialite": "CABINET INFIRMIER", "nom": "PETIT", "geolocalisation": [48.82236862182617, 2.2667582035064697], "cp": 92130.0, "ville": "ISSY LES MOULINEAUX", "adresse": "49 avenue Victor Cresson", "prenom": "MELANIE"}, "geometry": {"type": "Point", "coordinates": [2.2667582035064697, 48.82236862182617]}, "record_timestamp": "2020-02-21T15:36:25.257+01:00"},{"datasetid": "medecins-generalistes-et-infirmiers", "recordid": "f3bda768ed07361f1aa40bcf84b3bf9a999ca1f5", "fields": {"civilite": "MONSIEUR", "specialite": "CABINET INFIRMIER", "nom": "ROMILIEN", "geolocalisation": [48.82236862182617, 2.2667582035064697], "cp": 92130.0, "ville": "ISSY LES MOULINEAUX", "adresse": "49 avenue Victor Cresson", "prenom": "DAVID"}, "geometry": {"type": "Point", "coordinates": [2.2667582035064697, 48.82236862182617]}, "record_timestamp": "2020-02-21T15:36:25.257+01:00"},{"datasetid": "medecins-generalistes-et-infirmiers", "recordid": "8ffc1b058df517a1365e4be9b1ce6205c0efaa81", "fields": {"civilite": "MADAME", "specialite": "MEDECIN GENERALISTE", "nom": "LAZAR", "geolocalisation": [48.81899642944336, 2.2613508701324463], "cp": 92130.0, "ville": "ISSY LES MOULINEAUX", "adresse": "54 rue d'Erevan", "prenom": "VIOLETA"}, "geometry": {"type": "Point", "coordinates": [2.2613508701324463, 48.81899642944336]}, "record_timestamp": "2020-02-21T15:36:25.257+01:00"},{"datasetid": "medecins-generalistes-et-infirmiers", "recordid": "73e9fbb2e5c0b4cb59ba02b3bd8d550cf5c1446b", "fields": {"civilite": "MONSIEUR", "specialite": "MEDECIN GENERALISTE", "nom": "ATLAN", "geolocalisation": [48.827152252197266, 2.2640488147735596], "commentaire": "SELARL  DU DOCTEUR ATLAN", "cp": 92130.0, "ville": "ISSY LES MOULINEAUX", "adresse": "6 ALLEE Gustave Eiffel", "prenom": "MICKAEL"}, "geometry": {"type": "Point", "coordinates": [2.2640488147735596, 48.827152252197266]}, "record_timestamp": "2020-02-21T15:36:25.257+01:00"},{"datasetid": "medecins-generalistes-et-infirmiers", "recordid": "0174d2f8f71d89530c502584d46de3a9fbc8e92a", "fields": {"civilite": "MADAME", "specialite": "CABINET INFIRMIER", "nom": "DUHAMEL", "geolocalisation": [48.81891632080078, 2.2539401054382324], "cp": 92130.0, "ville": "ISSY LES MOULINEAUX", "adresse": "99 avenue de Verdun", "prenom": "GISLAINE"}, "geometry": {"type": "Point", "coordinates": [2.2539401054382324, 48.81891632080078]}, "record_timestamp": "2020-02-21T15:36:25.257+01:00"},{"datasetid": "medecins-generalistes-et-infirmiers", "recordid": "216cd9eb930f933272068e19700cd6b5c6edf502", "fields": {"civilite": "MADAME", "specialite": "CABINET INFIRMIER", "nom": "PRUVOT", "geolocalisation": [48.81891632080078, 2.2539401054382324], "cp": 92130.0, "ville": "ISSY LES MOULINEAUX", "adresse": "99 bis avenue de Verdun", "prenom": "CAROLINE"}, "geometry": {"type": "Point", "coordinates": [2.2539401054382324, 48.81891632080078]}, "record_timestamp": "2020-02-21T15:36:25.257+01:00"},{"datasetid": "medecins-generalistes-et-infirmiers", "recordid": "96ac9f3dd86058c7ad2f75d0168d5d8d107407dd", "fields": {"civilite": "MADAME", "specialite": "MEDECIN GENERALISTE", "nom": "NAHON", "geolocalisation": [48.825416564941406, 2.2682294845581055], "cp": 92130.0, "ville": "ISSY LES MOULINEAUX", "adresse": "10 rue du Gouverneur Ebou\u00e9", "prenom": "DOMINIQUE"}, "geometry": {"type": "Point", "coordinates": [2.2682294845581055, 48.825416564941406]}, "record_timestamp": "2020-02-21T15:36:25.257+01:00"},{"datasetid": "medecins-generalistes-et-infirmiers", "recordid": "4ec0fd7da392edd874a3206d41149a0b16c29a78", "fields": {"civilite": "MADAME", "specialite": "MEDECIN GENERALISTE", "nom": "ALEXIOU", "geolocalisation": [48.824127197265625, 2.2776269912719727], "commentaire": "HOPITAL SUISSE DE PARIS", "cp": 92130.0, "ville": "ISSY LES MOULINEAUX", "adresse": "10 rue Minard", "prenom": "ANNA"}, "geometry": {"type": "Point", "coordinates": [2.2776269912719727, 48.824127197265625]}, "record_timestamp": "2020-02-21T15:36:25.257+01:00"},{"datasetid": "medecins-generalistes-et-infirmiers", "recordid": "01c29276d769dad634f704e943589d82c9d4ea3b", "fields": {"civilite": "MONSIEUR", "specialite": "MEDECIN GENERALISTE", "nom": "QUEMIN", "geolocalisation": [48.83210372924805, 2.262848377227783], "cp": 92130.0, "ville": "ISSY LES MOULINEAUX", "adresse": "157 quai du President Roosevelt", "prenom": "RAPHAEL"}, "geometry": {"type": "Point", "coordinates": [2.262848377227783, 48.83210372924805]}, "record_timestamp": "2020-02-21T15:36:25.257+01:00"},{"datasetid": "medecins-generalistes-et-infirmiers", "recordid": "498dac56a1930a7cdd9e141f48c8b999323c88e9", "fields": {"civilite": "MADAME", "specialite": "CABINET INFIRMIER", "nom": "KEGLO", "geolocalisation": [48.826595306396484, 2.271994113922119], "cp": 92130.0, "ville": "ISSY LES MOULINEAUX", "adresse": "21 rue Marceau", "prenom": "ROLANDE"}, "geometry": {"type": "Point", "coordinates": [2.271994113922119, 48.826595306396484]}, "record_timestamp": "2020-02-21T15:36:25.257+01:00"},{"datasetid": "medecins-generalistes-et-infirmiers", "recordid": "995edf24872c38b1241a81acabfaef172ddf8e7c", "fields": {"civilite": "MONSIEUR", "specialite": "MEDECIN GENERALISTE", "nom": "KALFA", "geolocalisation": [48.825889587402344, 2.2661266326904297], "cp": 92130.0, "ville": "ISSY LES MOULINEAUX", "adresse": "22 rue du Capitaine Ferber", "prenom": "OURIEL"}, "geometry": {"type": "Point", "coordinates": [2.2661266326904297, 48.825889587402344]}, "record_timestamp": "2020-02-21T15:36:25.257+01:00"},{"datasetid": "medecins-generalistes-et-infirmiers", "recordid": "61ec749de9811eb39c1cd509676c5a44b6bb6d85", "fields": {"civilite": "MADAME", "specialite": "CABINET INFIRMIER", "nom": "DELIGNY", "geolocalisation": [48.82968521118164, 2.2796030044555664], "cp": 92130.0, "ville": "ISSY LES MOULINEAUX", "adresse": "25 rue Severine", "prenom": "MARIE-ODILE"}, "geometry": {"type": "Point", "coordinates": [2.2796030044555664, 48.82968521118164]}, "record_timestamp": "2020-02-21T15:36:25.257+01:00"},{"datasetid": "medecins-generalistes-et-infirmiers", "recordid": "cfc4922b6de57c818b2f02191635e29adb460eab", "fields": {"civilite": "MADAME", "specialite": "CABINET INFIRMIER", "nom": "SITBON", "geolocalisation": [48.82968521118164, 2.2796030044555664], "cp": 92130.0, "ville": "ISSY LES MOULINEAUX", "adresse": "25 rue Severine", "prenom": "ARIANE"}, "geometry": {"type": "Point", "coordinates": [2.2796030044555664, 48.82968521118164]}, "record_timestamp": "2020-02-21T15:36:25.257+01:00"},{"datasetid": "medecins-generalistes-et-infirmiers", "recordid": "d51cab898899416a007b8df19ee59bdf970dce3a", "fields": {"civilite": "MONSIEUR", "specialite": "MEDECIN GENERALISTE", "nom": "DRUET", "geolocalisation": [48.827545166015625, 2.27622652053833], "cp": 92130.0, "ville": "ISSY LES MOULINEAUX", "adresse": "27 boulevard Gambetta", "prenom": "MARC"}, "geometry": {"type": "Point", "coordinates": [2.27622652053833, 48.827545166015625]}, "record_timestamp": "2020-02-21T15:36:25.257+01:00"},{"datasetid": "medecins-generalistes-et-infirmiers", "recordid": "f1b4ad2b603cdde9658fbf6b9e31a963c1191d01", "fields": {"civilite": "MADAME", "specialite": "CABINET INFIRMIER", "nom": "DOLCEROCCA", "geolocalisation": [48.827545166015625, 2.27622652053833], "cp": 92130.0, "ville": "ISSY LES MOULINEAUX", "adresse": "27 boulevard Gambetta", "prenom": "DOMINIQUE"}, "geometry": {"type": "Point", "coordinates": [2.27622652053833, 48.827545166015625]}, "record_timestamp": "2020-02-21T15:36:25.257+01:00"},{"datasetid": "medecins-generalistes-et-infirmiers", "recordid": "ace503c296ca5aeea86bb0efe576e62735475dd7", "fields": {"civilite": "MONSIEUR", "specialite": "MEDECIN GENERALISTE", "nom": "TOUATI", "geolocalisation": [48.825279235839844, 2.2719531059265137], "cp": 92130.0, "ville": "ISSY LES MOULINEAUX", "adresse": "30 rue Diderot", "prenom": "SYDNEY"}, "geometry": {"type": "Point", "coordinates": [2.2719531059265137, 48.825279235839844]}, "record_timestamp": "2020-02-21T15:36:25.257+01:00"},{"datasetid": "medecins-generalistes-et-infirmiers", "recordid": "4492c52a212d7e4ca81a88ec84ad5792a034ca76", "fields": {"civilite": "MONSIEUR", "specialite": "CABINET INFIRMIER", "nom": "BORDONADO", "geolocalisation": [48.82581329345703, 2.273317575454712], "cp": 92130.0, "ville": "ISSY LES MOULINEAUX", "adresse": "31 rue Kleber", "prenom": "REMY"}, "geometry": {"type": "Point", "coordinates": [2.273317575454712, 48.82581329345703]}, "record_timestamp": "2020-02-21T15:36:25.257+01:00"},{"datasetid": "medecins-generalistes-et-infirmiers", "recordid": "e1eb65738372b1062d0b45056f39637aa32ccad8", "fields": {"civilite": "MONSIEUR", "specialite": "CABINET INFIRMIER", "nom": "COUILFORT", "geolocalisation": [48.82236862182617, 2.2667582035064697], "cp": 92130.0, "ville": "ISSY LES MOULINEAUX", "adresse": "32 avenue Victor Cresson", "prenom": "MIGUEL"}, "geometry": {"type": "Point", "coordinates": [2.2667582035064697, 48.82236862182617]}, "record_timestamp": "2020-02-21T15:36:25.257+01:00"},{"datasetid": "medecins-generalistes-et-infirmiers", "recordid": "ec9d676796ff8181b5eeb634d70c65202b5fb40c", "fields": {"civilite": "MADAME", "specialite": "MEDECIN GENERALISTE", "nom": "SZMARADG", "geolocalisation": [48.825279235839844, 2.2719531059265137], "commentaire": "CABINET MEDICAL", "cp": 92130.0, "ville": "ISSY LES MOULINEAUX", "adresse": "32 rue Diderot", "prenom": "VERONIQUE"}, "geometry": {"type": "Point", "coordinates": [2.2719531059265137, 48.825279235839844]}, "record_timestamp": "2020-02-21T15:36:25.257+01:00"},{"datasetid": "medecins-generalistes-et-infirmiers", "recordid": "1e9b8e3cb5c4d8d5e79c9efbbc0baaafc92b67e6", "fields": {"civilite": "MADAME", "specialite": "MEDECIN GENERALISTE", "nom": "BEYLOUNE MAINARDI", "geolocalisation": [48.825279235839844, 2.2719531059265137], "commentaire": "CABINET MEDICAL", "cp": 92130.0, "ville": "ISSY LES MOULINEAUX", "adresse": "32 rue Diderot", "prenom": "CHRISTINE"}, "geometry": {"type": "Point", "coordinates": [2.2719531059265137, 48.825279235839844]}, "record_timestamp": "2020-02-21T15:36:25.257+01:00"},{"datasetid": "medecins-generalistes-et-infirmiers", "recordid": "112afcf224067709c19324c6deee385381606b88", "fields": {"civilite": "MADAME", "specialite": "CABINET INFIRMIER", "nom": "DELACROIX", "geolocalisation": [48.81929397583008, 2.274340867996216], "cp": 92130.0, "ville": "ISSY LES MOULINEAUX", "adresse": "36 rue Gabriel P\u00e9ri", "prenom": "BEATRICE"}, "geometry": {"type": "Point", "coordinates": [2.274340867996216, 48.81929397583008]}, "record_timestamp": "2020-02-21T15:36:25.257+01:00"},{"datasetid": "medecins-generalistes-et-infirmiers", "recordid": "a419d893d01a93c2be0d23a68315c71ace78c3c7", "fields": {"civilite": "MADAME", "specialite": "CABINET INFIRMIER", "nom": "MARECHAL", "geolocalisation": [48.81929397583008, 2.274340867996216], "cp": 92130.0, "ville": "ISSY LES MOULINEAUX", "adresse": "36 rue Gabriel P\u00e9ri", "prenom": "CINDY"}, "geometry": {"type": "Point", "coordinates": [2.274340867996216, 48.81929397583008]}, "record_timestamp": "2020-02-21T15:36:25.257+01:00"},{"datasetid": "medecins-generalistes-et-infirmiers", "recordid": "a62fc7407107d17447213e7150bc7d05b7f45b6b", "fields": {"civilite": "MONSIEUR", "specialite": "CABINET INFIRMIER", "nom": "HALVIN", "geolocalisation": [48.82236862182617, 2.2667582035064697], "cp": 92130.0, "ville": "ISSY LES MOULINEAUX", "adresse": "49 avenue Victor Cresson", "prenom": "FABRICE"}, "geometry": {"type": "Point", "coordinates": [2.2667582035064697, 48.82236862182617]}, "record_timestamp": "2020-02-21T15:36:25.257+01:00"},{"datasetid": "medecins-generalistes-et-infirmiers", "recordid": "a289500cfda663dfc20ccc9a15bf868a7677974b", "fields": {"civilite": "MONSIEUR", "specialite": "CABINET INFIRMIER", "nom": "DUGUET", "geolocalisation": [48.82236862182617, 2.2667582035064697], "cp": 92130.0, "ville": "ISSY LES MOULINEAUX", "adresse": "49 avenue Victor Cresson", "prenom": "REMI"}, "geometry": {"type": "Point", "coordinates": [2.2667582035064697, 48.82236862182617]}, "record_timestamp": "2020-02-21T15:36:25.257+01:00"},{"datasetid": "medecins-generalistes-et-infirmiers", "recordid": "7a015ecaa274e9ceeb42243a1e86757eaeaef447", "fields": {"civilite": "MADAME", "specialite": "MEDECIN GENERALISTE", "nom": "ZEITOUN WERTEL", "geolocalisation": [48.827152252197266, 2.2640488147735596], "commentaire": "SELARL  DU DOCTEUR ATLAN", "cp": 92130.0, "ville": "ISSY LES MOULINEAUX", "adresse": "6 ALLEE Gustave Eiffel", "prenom": "REBECCA"}, "geometry": {"type": "Point", "coordinates": [2.2640488147735596, 48.827152252197266]}, "record_timestamp": "2020-02-21T15:36:25.257+01:00"},{"datasetid": "medecins-generalistes-et-infirmiers", "recordid": "805ae23057eaebd8b71a2822c1aca172dd36357d", "fields": {"civilite": "MADAME", "specialite": "CABINET INFIRMIER", "nom": "MARIOTTI", "geolocalisation": [48.82637405395508, 2.279844045639038], "cp": 92130.0, "ville": "ISSY LES MOULINEAUX", "adresse": "7 boulevard Voltaire", "prenom": "CAROLINE"}, "geometry": {"type": "Point", "coordinates": [2.279844045639038, 48.82637405395508]}, "record_timestamp": "2020-02-21T15:36:25.257+01:00"},{"datasetid": "medecins-generalistes-et-infirmiers", "recordid": "491901eec066a524d52cb5cf0fb788ac845d61ca", "fields": {"civilite": "MADAME", "specialite": "MEDECIN GENERALISTE", "nom": "BAGHER", "geolocalisation": [48.82637405395508, 2.279844045639038], "cp": 92130.0, "ville": "ISSY LES MOULINEAUX", "adresse": "7 parvis de Corentin Celton", "prenom": "MARIANNE"}, "geometry": {"type": "Point", "coordinates": [2.279844045639038, 48.82637405395508]}, "record_timestamp": "2020-02-21T15:36:25.257+01:00"},{"datasetid": "medecins-generalistes-et-infirmiers", "recordid": "66a257fe8bf2ac247cc136fb15b823893da82061", "fields": {"civilite": "MONSIEUR", "specialite": "MEDECIN GENERALISTE", "nom": "TRESCAZES", "geolocalisation": [48.81858444213867, 2.257714033126831], "commentaire": "CABINET MEDICAL", "cp": 92130.0, "ville": "ISSY LES MOULINEAUX", "adresse": "82 boulevard Rodin", "prenom": "THIERRY"}, "geometry": {"type": "Point", "coordinates": [2.257714033126831, 48.81858444213867]}, "record_timestamp": "2020-02-21T15:36:25.257+01:00"},{"datasetid": "medecins-generalistes-et-infirmiers", "recordid": "143dba94d761a97a1c8bc9eab437b8243938ce86", "fields": {"civilite": "MADAME", "specialite": "MEDECIN GENERALISTE", "nom": "PONDAVEN", "geolocalisation": [48.824127197265625, 2.2776269912719727], "commentaire": "HOPITAL SUISSE DE PARIS", "cp": 92130.0, "ville": "ISSY LES MOULINEAUX", "adresse": "10 rue Minard", "prenom": "HELENE"}, "geometry": {"type": "Point", "coordinates": [2.2776269912719727, 48.824127197265625]}, "record_timestamp": "2020-02-21T15:36:25.257+01:00"},{"datasetid": "medecins-generalistes-et-infirmiers", "recordid": "547014b37512391435a9014e9dcb6673ebb43b61", "fields": {"civilite": "MONSIEUR", "specialite": "CABINET INFIRMIER", "nom": "GEOFFROY", "geolocalisation": [48.82218933105469, 2.26893949508667], "cp": 92130.0, "ville": "ISSY LES MOULINEAUX", "adresse": "11 villa Telles de la Poterie", "prenom": "CEDRIC"}, "geometry": {"type": "Point", "coordinates": [2.26893949508667, 48.82218933105469]}, "record_timestamp": "2020-02-21T15:36:25.257+01:00"},{"datasetid": "medecins-generalistes-et-infirmiers", "recordid": "7d812c643fd513f940542de01f2945d6215c3de9", "fields": {"civilite": "MONSIEUR", "specialite": "CABINET INFIRMIER", "nom": "ROY", "geolocalisation": [48.82218933105469, 2.26893949508667], "cp": 92130.0, "ville": "ISSY LES MOULINEAUX", "adresse": "11 villa Telles de la Poterie", "prenom": "YOHANN"}, "geometry": {"type": "Point", "coordinates": [2.26893949508667, 48.82218933105469]}, "record_timestamp": "2020-02-21T15:36:25.257+01:00"},{"datasetid": "medecins-generalistes-et-infirmiers", "recordid": "a133ceafa517289ff3120ee1a8bf9ea175c57699", "fields": {"civilite": "MONSIEUR", "specialite": "MEDECIN GENERALISTE", "nom": "BELNELBAZ", "geolocalisation": [48.82444763183594, 2.2707762718200684], "cp": 92130.0, "ville": "ISSY LES MOULINEAUX", "adresse": "16 rue Hoche", "prenom": "JACQUES"}, "geometry": {"type": "Point", "coordinates": [2.2707762718200684, 48.82444763183594]}, "record_timestamp": "2020-02-21T15:36:25.257+01:00"},{"datasetid": "medecins-generalistes-et-infirmiers", "recordid": "59a380e3e3c27964cc482f58f44e2d5f4d4ebf30", "fields": {"civilite": "MADAME", "specialite": "MEDECIN GENERALISTE", "nom": "MA", "geolocalisation": [48.822918, 2.26949], "commentaire": "ESPACE SANTE SIMONE VEIL", "cp": 92130.0, "ville": "ISSY LES MOULINEAUX", "adresse": "27 bis avenue Victor Cresson", "prenom": "SABRINA"}, "geometry": {"type": "Point", "coordinates": [2.26949, 48.822918]}, "record_timestamp": "2020-02-21T15:36:25.257+01:00"},{"datasetid": "medecins-generalistes-et-infirmiers", "recordid": "35499d04a451afff62276dd21d2b62599469c192", "fields": {"civilite": "MONSIEUR", "specialite": "MEDECIN GENERALISTE", "nom": "KIEUSSEIAN", "geolocalisation": [48.82151412963867, 2.272052526473999], "cp": 92130.0, "ville": "ISSY LES MOULINEAUX", "adresse": "27 rue Lasserre", "prenom": "PAUL"}, "geometry": {"type": "Point", "coordinates": [2.272052526473999, 48.82151412963867]}, "record_timestamp": "2020-02-21T15:36:25.257+01:00"},{"datasetid": "medecins-generalistes-et-infirmiers", "recordid": "063b9d3f9aefd62423e28cbb4e73b92ff370f8a9", "fields": {"civilite": "MADAME", "specialite": "CABINET INFIRMIER", "nom": "HERVOUET", "geolocalisation": [48.82236862182617, 2.2667582035064697], "cp": 92130.0, "ville": "ISSY LES MOULINEAUX", "adresse": "32 avenue Victor Cresson", "prenom": "MARIE-ADELINE"}, "geometry": {"type": "Point", "coordinates": [2.2667582035064697, 48.82236862182617]}, "record_timestamp": "2020-02-21T15:36:25.257+01:00"},{"datasetid": "medecins-generalistes-et-infirmiers", "recordid": "09b1e9992766688cc2763656626e65e99a5ce055", "fields": {"civilite": "MONSIEUR", "specialite": "MEDECIN GENERALISTE", "nom": "BOHORQUEZ", "geolocalisation": [48.825279235839844, 2.2719531059265137], "cp": 92130.0, "ville": "ISSY LES MOULINEAUX", "adresse": "34 rue Diderot", "prenom": "MERLYN"}, "geometry": {"type": "Point", "coordinates": [2.2719531059265137, 48.825279235839844]}, "record_timestamp": "2020-02-21T15:36:25.257+01:00"},{"datasetid": "medecins-generalistes-et-infirmiers", "recordid": "00b88b31ffe3f4e49bc834513170277ec1f733a2", "fields": {"civilite": "MADAME", "specialite": "CABINET INFIRMIER", "nom": "BRIFFAUX", "geolocalisation": [48.81929397583008, 2.274340867996216], "cp": 92130.0, "ville": "ISSY LES MOULINEAUX", "adresse": "36 rue Gabriel P\u00e9ri", "prenom": "MYLENE"}, "geometry": {"type": "Point", "coordinates": [2.274340867996216, 48.81929397583008]}, "record_timestamp": "2020-02-21T15:36:25.257+01:00"},{"datasetid": "medecins-generalistes-et-infirmiers", "recordid": "a4df43db495c64ba6885b461f4babc2ef8741e7a", "fields": {"civilite": "MADAME", "specialite": "MEDECIN GENERALISTE", "nom": "DE LACVIVIER", "geolocalisation": [48.82275390625, 2.2706243991851807], "cp": 92130.0, "ville": "ISSY LES MOULINEAUX", "adresse": "4 rue Edouard Branly", "prenom": "CECILE"}, "geometry": {"type": "Point", "coordinates": [2.2706243991851807, 48.82275390625]}, "record_timestamp": "2020-02-21T15:36:25.257+01:00"},{"datasetid": "medecins-generalistes-et-infirmiers", "recordid": "6da92af04876b2dd388525071e80b729f2bd133a", "fields": {"civilite": "MADAME", "specialite": "MEDECIN GENERALISTE", "nom": "GOUBY", "geolocalisation": [48.82275390625, 2.2706243991851807], "cp": 92130.0, "ville": "ISSY LES MOULINEAUX", "adresse": "4 rue Edouard Branly", "prenom": "CAROLINE"}, "geometry": {"type": "Point", "coordinates": [2.2706243991851807, 48.82275390625]}, "record_timestamp": "2020-02-21T15:36:25.257+01:00"},{"datasetid": "medecins-generalistes-et-infirmiers", "recordid": "ef819138589f7a94bf413bfe775c6523fb3db7a3", "fields": {"civilite": "MONSIEUR", "specialite": "MEDECIN GENERALISTE", "nom": "CHICHEPORTICHE", "geolocalisation": [48.82190704345703, 2.2807345390319824], "commentaire": "CABINET MEDICAL", "cp": 92130.0, "ville": "ISSY LES MOULINEAUX", "adresse": "4 rue Georges Marcel burgun", "prenom": "GILLES"}, "geometry": {"type": "Point", "coordinates": [2.2807345390319824, 48.82190704345703]}, "record_timestamp": "2020-02-21T15:36:25.257+01:00"},{"datasetid": "medecins-generalistes-et-infirmiers", "recordid": "6ff6aabbe3636d61fe4704c7429708247652fe25", "fields": {"civilite": "MONSIEUR", "specialite": "CABINET INFIRMIER", "nom": "PANZANI", "geolocalisation": [48.82236862182617, 2.2667582035064697], "cp": 92130.0, "ville": "ISSY LES MOULINEAUX", "adresse": "49 avenue Victor Cresson", "prenom": "SEBASTIEN"}, "geometry": {"type": "Point", "coordinates": [2.2667582035064697, 48.82236862182617]}, "record_timestamp": "2020-02-21T15:36:25.257+01:00"},{"datasetid": "medecins-generalistes-et-infirmiers", "recordid": "de87febc6fbfb959bc6016e4e18f273f7d7ef043", "fields": {"civilite": "MADAME", "specialite": "CABINET INFIRMIER", "nom": "LECHALLIER", "geolocalisation": [48.82236862182617, 2.2667582035064697], "cp": 92130.0, "ville": "ISSY LES MOULINEAUX", "adresse": "49 avenue Victor Cresson", "prenom": "PRICILLIA"}, "geometry": {"type": "Point", "coordinates": [2.2667582035064697, 48.82236862182617]}, "record_timestamp": "2020-02-21T15:36:25.257+01:00"},{"datasetid": "medecins-generalistes-et-infirmiers", "recordid": "eb6ce1c7c0bdfcc6d9e52765cda0c1c93de2008e", "fields": {"civilite": "MONSIEUR", "specialite": "CABINET INFIRMIER", "nom": "SERICHARD", "geolocalisation": [48.82236862182617, 2.2667582035064697], "cp": 92130.0, "ville": "ISSY LES MOULINEAUX", "adresse": "49 avenue Victor Cresson", "prenom": "MATHIEU"}, "geometry": {"type": "Point", "coordinates": [2.2667582035064697, 48.82236862182617]}, "record_timestamp": "2020-02-21T15:36:25.257+01:00"},{"datasetid": "medecins-generalistes-et-infirmiers", "recordid": "ca8949847555465c3b2d72964f2f131c12e472f1", "fields": {"civilite": "MONSIEUR", "specialite": "CABINET INFIRMIER", "nom": "FIRPION", "geolocalisation": [48.82236862182617, 2.2667582035064697], "cp": 92130.0, "ville": "ISSY LES MOULINEAUX", "adresse": "49 avenue Victor Cresson", "prenom": "BRAYAN"}, "geometry": {"type": "Point", "coordinates": [2.2667582035064697, 48.82236862182617]}, "record_timestamp": "2020-02-21T15:36:25.257+01:00"},{"datasetid": "medecins-generalistes-et-infirmiers", "recordid": "ab625c47474611b7ab32a12ff9fa72e196b0383d", "fields": {"civilite": "MADAME", "specialite": "CABINET INFIRMIER", "nom": "JANOT", "geolocalisation": [48.817752838134766, 2.2620182037353516], "cp": 92130.0, "ville": "ISSY LES MOULINEAUX", "adresse": "52 rue de l'Egalit\u00e9", "prenom": "STEPHANIE"}, "geometry": {"type": "Point", "coordinates": [2.2620182037353516, 48.817752838134766]}, "record_timestamp": "2020-02-21T15:36:25.257+01:00"},{"datasetid": "medecins-generalistes-et-infirmiers", "recordid": "bc5272b2308f8795a835e0b57ccc948fb74730cc", "fields": {"civilite": "MADAME", "specialite": "MEDECIN GENERALISTE", "nom": "PELLETIER", "geolocalisation": [48.81858444213867, 2.257714033126831], "commentaire": "CABINET MEDICAL", "cp": 92130.0, "ville": "ISSY LES MOULINEAUX", "adresse": "82 boulevard Rodin", "prenom": "MARIE"}, "geometry": {"type": "Point", "coordinates": [2.257714033126831, 48.81858444213867]}, "record_timestamp": "2020-02-21T15:36:25.257+01:00"},{"datasetid": "medecins-generalistes-et-infirmiers", "recordid": "75b5de8c054aae5daa204a44e1fd946e9af720f4", "fields": {"civilite": "MONSIEUR", "specialite": "MEDECIN GENERALISTE", "nom": "MURATYAN", "geolocalisation": [48.821617126464844, 2.265937328338623], "commentaire": "CABINET MEDICAL", "cp": 92130.0, "ville": "ISSY LES MOULINEAUX", "adresse": "10 avenue de Bourgain", "prenom": "EDOUARD"}, "geometry": {"type": "Point", "coordinates": [2.265937328338623, 48.821617126464844]}, "record_timestamp": "2020-02-21T15:36:25.257+01:00"},{"datasetid": "medecins-generalistes-et-infirmiers", "recordid": "5ff8a93f2767b12ce8464dc20fc3b231acbf88a6", "fields": {"civilite": "MADAME", "specialite": "MEDECIN GENERALISTE", "nom": "COMBOURIEU", "geolocalisation": [48.825592041015625, 2.259828567504883], "cp": 92130.0, "ville": "ISSY LES MOULINEAUX", "adresse": "17 rue Passeur de Boulogne", "prenom": "LAURE"}, "geometry": {"type": "Point", "coordinates": [2.259828567504883, 48.825592041015625]}, "record_timestamp": "2020-02-21T15:36:25.257+01:00"},{"datasetid": "medecins-generalistes-et-infirmiers", "recordid": "b49b4948c1b6bc3b591e44db5c2f62ee05d6e1f2", "fields": {"civilite": "MONSIEUR", "specialite": "MEDECIN GENERALISTE", "nom": "SAYRIN", "geolocalisation": [48.826595306396484, 2.271994113922119], "cp": 92130.0, "ville": "ISSY LES MOULINEAUX", "adresse": "22 rue Marceau", "prenom": "JEAN"}, "geometry": {"type": "Point", "coordinates": [2.271994113922119, 48.826595306396484]}, "record_timestamp": "2020-02-21T15:36:25.257+01:00"},{"datasetid": "medecins-generalistes-et-infirmiers", "recordid": "f5b3e1b6efb2bf95d002f3a86b9d315838d35cb0", "fields": {"civilite": "MADAME", "specialite": "MEDECIN GENERALISTE", "nom": "PAMPHIL", "geolocalisation": [48.822918, 2.26949], "commentaire": "ESPACE SANTE SIMONE VEIL", "cp": 92130.0, "ville": "ISSY LES MOULINEAUX", "adresse": "27 bis avenue Victor Cresson", "prenom": "RUXANDRA"}, "geometry": {"type": "Point", "coordinates": [2.26949, 48.822918]}, "record_timestamp": "2020-02-21T15:36:25.257+01:00"},{"datasetid": "medecins-generalistes-et-infirmiers", "recordid": "95da5498fd5e780e40012a99ce78e81eabbfb46e", "fields": {"civilite": "MADAME", "specialite": "CABINET INFIRMIER", "nom": "ALBANESE", "geolocalisation": [48.822918, 2.26949], "commentaire": "ESPACE SANTE SIMONE VEIL", "cp": 92130.0, "ville": "ISSY LES MOULINEAUX", "adresse": "27 bis avenue Victor Cresson", "prenom": "SANDRINE"}, "geometry": {"type": "Point", "coordinates": [2.26949, 48.822918]}, "record_timestamp": "2020-02-21T15:36:25.257+01:00"},{"datasetid": "medecins-generalistes-et-infirmiers", "recordid": "f83c9d4559d00183bfa10ee86909a180a1f05d9a", "fields": {"civilite": "MONSIEUR", "specialite": "MEDECIN GENERALISTE", "nom": "GASPARIAN", "geolocalisation": [48.82236862182617, 2.2667582035064697], "cp": 92130.0, "ville": "ISSY LES MOULINEAUX", "adresse": "30 avenue Victor Cresson", "prenom": "DIDIER"}, "geometry": {"type": "Point", "coordinates": [2.2667582035064697, 48.82236862182617]}, "record_timestamp": "2020-02-21T15:36:25.257+01:00"},{"datasetid": "medecins-generalistes-et-infirmiers", "recordid": "5859c091492eb7e5aaa920c57a0016e2ca37c450", "fields": {"civilite": "MADAME", "specialite": "MEDECIN GENERALISTE", "nom": "BRIERE", "geolocalisation": [48.830322265625, 2.2802655696868896], "commentaire": "CABINET MEDICAL", "cp": 92130.0, "ville": "ISSY LES MOULINEAUX", "adresse": "31 rue Foucher Lepelletier", "prenom": "ISABELLE"}, "geometry": {"type": "Point", "coordinates": [2.2802655696868896, 48.830322265625]}, "record_timestamp": "2020-02-21T15:36:25.257+01:00"},{"datasetid": "medecins-generalistes-et-infirmiers", "recordid": "16e3cbd02663ea1d89c06efeca5bbdb1d683f490", "fields": {"civilite": "MADAME", "specialite": "MEDECIN GENERALISTE", "nom": "GUIBE", "geolocalisation": [48.825279235839844, 2.2719531059265137], "cp": 92130.0, "ville": "ISSY LES MOULINEAUX", "adresse": "34 rue Diderot", "prenom": "Clotilde"}, "geometry": {"type": "Point", "coordinates": [2.2719531059265137, 48.825279235839844]}, "record_timestamp": "2020-02-21T15:36:25.257+01:00"},{"datasetid": "medecins-generalistes-et-infirmiers", "recordid": "0f2770ae85551984374f60a8ae466d89c02e7906", "fields": {"civilite": "MADAME", "specialite": "MEDECIN GENERALISTE", "nom": "ALEXIOU", "geolocalisation": [48.82190704345703, 2.2807345390319824], "commentaire": "CABINET MEDICAL", "cp": 92130.0, "ville": "ISSY LES MOULINEAUX", "adresse": "4 rue Georges Marcel burgun", "prenom": "ANNA"}, "geometry": {"type": "Point", "coordinates": [2.2807345390319824, 48.82190704345703]}, "record_timestamp": "2020-02-21T15:36:25.257+01:00"},{"datasetid": "medecins-generalistes-et-infirmiers", "recordid": "5f6f46886b826d15cce7d3bc2457701e655a5cf9", "fields": {"civilite": "MADAME", "specialite": "MEDECIN GENERALISTE", "nom": "BUCK COAT", "geolocalisation": [48.81852340698242, 2.248969316482544], "commentaire": "CABINET MEDICAL", "cp": 92130.0, "ville": "ISSY LES MOULINEAUX", "adresse": "4 rue Paul Besnard", "prenom": "VIRGINIE"}, "geometry": {"type": "Point", "coordinates": [2.248969316482544, 48.81852340698242]}, "record_timestamp": "2020-02-21T15:36:25.257+01:00"},{"datasetid": "medecins-generalistes-et-infirmiers", "recordid": "cda999aa12ea389770211c7428719cc6d3557add", "fields": {"civilite": "MONSIEUR", "specialite": "CABINET INFIRMIER", "nom": "MARINVILLE", "geolocalisation": [48.82236862182617, 2.2667582035064697], "cp": 92130.0, "ville": "ISSY LES MOULINEAUX", "adresse": "49 avenue Victor Cresson", "prenom": "GREGORY"}, "geometry": {"type": "Point", "coordinates": [2.2667582035064697, 48.82236862182617]}, "record_timestamp": "2020-02-21T15:36:25.257+01:00"},{"datasetid": "medecins-generalistes-et-infirmiers", "recordid": "104333ec303ee1dfc674af125cd58a5adbefa4fa", "fields": {"civilite": "MADAME", "specialite": "CABINET INFIRMIER", "nom": "GACKOU", "geolocalisation": [48.82236862182617, 2.2667582035064697], "cp": 92130.0, "ville": "ISSY LES MOULINEAUX", "adresse": "49 avenue Victor Cresson", "prenom": "MARIAM"}, "geometry": {"type": "Point", "coordinates": [2.2667582035064697, 48.82236862182617]}, "record_timestamp": "2020-02-21T15:36:25.257+01:00"},{"datasetid": "medecins-generalistes-et-infirmiers", "recordid": "642366a5c88a0adbecbade32a8e843d416b36eac", "fields": {"civilite": "MADAME", "specialite": "CABINET INFIRMIER", "nom": "LATOUCHE", "geolocalisation": [48.82236862182617, 2.2667582035064697], "cp": 92130.0, "ville": "ISSY LES MOULINEAUX", "adresse": "49 avenue Victor Cresson", "prenom": "VANESSA"}, "geometry": {"type": "Point", "coordinates": [2.2667582035064697, 48.82236862182617]}, "record_timestamp": "2020-02-21T15:36:25.257+01:00"},{"datasetid": "medecins-generalistes-et-infirmiers", "recordid": "423473e54546f54dbca3c739bb4927723aa063c5", "fields": {"civilite": "MADAME", "specialite": "CABINET INFIRMIER", "nom": "VALENTIN", "geolocalisation": [48.82236862182617, 2.2667582035064697], "cp": 92130.0, "ville": "ISSY LES MOULINEAUX", "adresse": "49 avenue Victor Cresson", "prenom": "GENEVIEVE"}, "geometry": {"type": "Point", "coordinates": [2.2667582035064697, 48.82236862182617]}, "record_timestamp": "2020-02-21T15:36:25.257+01:00"},{"datasetid": "medecins-generalistes-et-infirmiers", "recordid": "ffabb4cf9d247f730a0db4473adf0b9a2e5e3b48", "fields": {"civilite": "MONSIEUR", "specialite": "CABINET INFIRMIER", "nom": "PRUDENTE", "geolocalisation": [48.82236862182617, 2.2667582035064697], "cp": 92130.0, "ville": "ISSY LES MOULINEAUX", "adresse": "49 avenue Victor Cresson", "prenom": "OLIVIER"}, "geometry": {"type": "Point", "coordinates": [2.2667582035064697, 48.82236862182617]}, "record_timestamp": "2020-02-21T15:36:25.257+01:00"},{"datasetid": "medecins-generalistes-et-infirmiers", "recordid": "538ae1336aae3ac5f4654d7b8a8e016e8ccf9662", "fields": {"civilite": "MADAME", "specialite": "CABINET INFIRMIER", "nom": "EGRON", "geolocalisation": [48.82236862182617, 2.2667582035064697], "cp": 92130.0, "ville": "ISSY LES MOULINEAUX", "adresse": "49 avenue Victor Cresson", "prenom": "TARA"}, "geometry": {"type": "Point", "coordinates": [2.2667582035064697, 48.82236862182617]}, "record_timestamp": "2020-02-21T15:36:25.257+01:00"},{"datasetid": "medecins-generalistes-et-infirmiers", "recordid": "e5c0d4c5fec94f6b1001c9f17a362fcd1d43821d", "fields": {"civilite": "MADAME", "specialite": "CABINET INFIRMIER", "nom": "PRIGENT", "geolocalisation": [48.82236862182617, 2.2667582035064697], "cp": 92130.0, "ville": "ISSY LES MOULINEAUX", "adresse": "49 avenue Victor Cresson", "prenom": "MARION"}, "geometry": {"type": "Point", "coordinates": [2.2667582035064697, 48.82236862182617]}, "record_timestamp": "2020-02-21T15:36:25.257+01:00"},{"datasetid": "medecins-generalistes-et-infirmiers", "recordid": "7df56ecd8abd4dd7ad94ab880a989b58f467f6e2", "fields": {"civilite": "MADAME", "specialite": "CABINET INFIRMIER", "nom": "MEALHA", "geolocalisation": [48.82236862182617, 2.2667582035064697], "cp": 92130.0, "ville": "ISSY LES MOULINEAUX", "adresse": "49 avenue Victor Cresson", "prenom": "LAURA"}, "geometry": {"type": "Point", "coordinates": [2.2667582035064697, 48.82236862182617]}, "record_timestamp": "2020-02-21T15:36:25.257+01:00"},{"datasetid": "medecins-generalistes-et-infirmiers", "recordid": "287fd7531ae202ab15c6d66a22205a7f991919b2", "fields": {"civilite": "MADAME", "specialite": "CABINET INFIRMIER", "nom": "MAUGARD", "geolocalisation": [48.817752838134766, 2.2620182037353516], "cp": 92130.0, "ville": "ISSY LES MOULINEAUX", "adresse": "52 rue de l'Egalit\u00e9", "prenom": "AURELIE"}, "geometry": {"type": "Point", "coordinates": [2.2620182037353516, 48.817752838134766]}, "record_timestamp": "2020-02-21T15:36:25.257+01:00"},{"datasetid": "medecins-generalistes-et-infirmiers", "recordid": "dbe4373de016f1c2949e2b70aa7ac9e47ceabd3e", "fields": {"civilite": "MADAME", "specialite": "MEDECIN GENERALISTE", "nom": "PARTOUCHE TAIEB", "geolocalisation": [48.827152252197266, 2.2640488147735596], "commentaire": "SELARL  DU DOCTEUR ATLAN", "cp": 92130.0, "ville": "ISSY LES MOULINEAUX", "adresse": "6 ALLEE Gustave Eiffel", "prenom": "LAURIE"}, "geometry": {"type": "Point", "coordinates": [2.2640488147735596, 48.827152252197266]}, "record_timestamp": "2020-02-21T15:36:25.257+01:00"},{"datasetid": "medecins-generalistes-et-infirmiers", "recordid": "bbe793e7dd6e7e41b9321438471c697b9c3d72cd", "fields": {"civilite": "MADAME", "specialite": "MEDECIN GENERALISTE", "nom": "FERON", "geolocalisation": [48.824127197265625, 2.2776269912719727], "commentaire": "HOPITAL SUISSE DE PARIS", "cp": 92130.0, "ville": "ISSY LES MOULINEAUX", "adresse": "10 rue Minard", "prenom": "ANNE"}, "geometry": {"type": "Point", "coordinates": [2.2776269912719727, 48.824127197265625]}, "record_timestamp": "2020-02-21T15:36:25.257+01:00"},{"datasetid": "medecins-generalistes-et-infirmiers", "recordid": "14689463cbdd909ad54994594017ed8a5092aeb6", "fields": {"civilite": "MADAME", "specialite": "CABINET INFIRMIER", "nom": "RENAUD", "geolocalisation": [48.81858444213867, 2.257714033126831], "cp": 92130.0, "ville": "ISSY LES MOULINEAUX", "adresse": "127 boulevard rodin", "prenom": "ALEXANDRA"}, "geometry": {"type": "Point", "coordinates": [2.257714033126831, 48.81858444213867]}, "record_timestamp": "2020-02-21T15:36:25.257+01:00"},{"datasetid": "medecins-generalistes-et-infirmiers", "recordid": "73288729bb3d0404856ab7a859ef7ddcd40f9311", "fields": {"civilite": "MADAME", "specialite": "MEDECIN GENERALISTE", "nom": "ITHURBIDE", "geolocalisation": [48.8199462890625, 2.25203800201416], "commentaire": "Centre Medical Sainte-Lucie", "cp": 92130.0, "ville": "ISSY LES MOULINEAUX", "adresse": "15 all\u00e9e Sainte-Lucie", "prenom": "MARINE"}, "geometry": {"type": "Point", "coordinates": [2.25203800201416, 48.8199462890625]}, "record_timestamp": "2020-02-21T15:36:25.257+01:00"},{"datasetid": "medecins-generalistes-et-infirmiers", "recordid": "abfdf35e26ea4c2e4436031fa7195514b7f36508", "fields": {"civilite": "MONSIEUR", "specialite": "MEDECIN GENERALISTE", "nom": "FEYDEL", "geolocalisation": [48.82236862182617, 2.2667582035064697], "cp": 92130.0, "ville": "ISSY LES MOULINEAUX", "adresse": "15 avenue Victor Cresson", "prenom": "GUY"}, "geometry": {"type": "Point", "coordinates": [2.2667582035064697, 48.82236862182617]}, "record_timestamp": "2020-02-21T15:36:25.257+01:00"},{"datasetid": "medecins-generalistes-et-infirmiers", "recordid": "e8f6f8e282b9519ec19ec9d523f0fa83a9d95e5d", "fields": {"civilite": "MADAME", "specialite": "CABINET INFIRMIER", "nom": "RICHARD", "geolocalisation": [48.82277297973633, 2.2735888957977295], "cp": 92130.0, "ville": "ISSY LES MOULINEAUX", "adresse": "15 rue Auguste Gervais", "prenom": "CATHERINE"}, "geometry": {"type": "Point", "coordinates": [2.2735888957977295, 48.82277297973633]}, "record_timestamp": "2020-02-21T15:36:25.257+01:00"},{"datasetid": "medecins-generalistes-et-infirmiers", "recordid": "35f1ae494124096d175c4178b58b5f1d3684167d", "fields": {"civilite": "MADAME", "specialite": "MEDECIN GENERALISTE", "nom": "ANDRE ARLET", "geolocalisation": [48.83210372924805, 2.262848377227783], "cp": 92130.0, "ville": "ISSY LES MOULINEAUX", "adresse": "157 quai du President Roosevelt", "prenom": "HELENE"}, "geometry": {"type": "Point", "coordinates": [2.262848377227783, 48.83210372924805]}, "record_timestamp": "2020-02-21T15:36:25.257+01:00"},{"datasetid": "medecins-generalistes-et-infirmiers", "recordid": "d533031ca70ff9e18c1601f476aea3ceb5031802", "fields": {"civilite": "MONSIEUR", "specialite": "MEDECIN GENERALISTE", "nom": "KNIAZEFF", "geolocalisation": [48.81739044189453, 2.2675838470458984], "cp": 92130.0, "ville": "ISSY LES MOULINEAUX", "adresse": "2 promenade du Verger", "prenom": "ALEXIS"}, "geometry": {"type": "Point", "coordinates": [2.2675838470458984, 48.81739044189453]}, "record_timestamp": "2020-02-21T15:36:25.257+01:00"},{"datasetid": "medecins-generalistes-et-infirmiers", "recordid": "69e4dd5b994c9338ffc6d0e23a6a362ff6acf772", "fields": {"civilite": "MONSIEUR", "specialite": "CABINET INFIRMIER", "nom": "APOU", "geolocalisation": [48.826595306396484, 2.271994113922119], "cp": 92130.0, "ville": "ISSY LES MOULINEAUX", "adresse": "21 rue Marceau", "prenom": "KADIRATOU"}, "geometry": {"type": "Point", "coordinates": [2.271994113922119, 48.826595306396484]}, "record_timestamp": "2020-02-21T15:36:25.257+01:00"},{"datasetid": "medecins-generalistes-et-infirmiers", "recordid": "bfcb366633089a542bfff19bffbf3318e35d9d11", "fields": {"civilite": "MADAME", "specialite": "MEDECIN GENERALISTE", "nom": "KIEUSSEIAN PETARD", "geolocalisation": [48.82151412963867, 2.272052526473999], "cp": 92130.0, "ville": "ISSY LES MOULINEAUX", "adresse": "27 rue Lasserre", "prenom": "ODILE"}, "geometry": {"type": "Point", "coordinates": [2.272052526473999, 48.82151412963867]}, "record_timestamp": "2020-02-21T15:36:25.257+01:00"},{"datasetid": "medecins-generalistes-et-infirmiers", "recordid": "b1dedb4a5e672f2efbe0dadda1fb89ef92a66e48", "fields": {"civilite": "MADAME", "specialite": "MEDECIN GENERALISTE", "nom": "RIQUIER", "geolocalisation": [48.825279235839844, 2.2719531059265137], "commentaire": "CABINET MEDICAL", "cp": 92130.0, "ville": "ISSY LES MOULINEAUX", "adresse": "32 rue Diderot", "prenom": "VERONIQUE"}, "geometry": {"type": "Point", "coordinates": [2.2719531059265137, 48.825279235839844]}, "record_timestamp": "2020-02-21T15:36:25.257+01:00"},{"datasetid": "medecins-generalistes-et-infirmiers", "recordid": "3b3c457120a9827a32c9a83ef9059ce91d191112", "fields": {"civilite": "MONSIEUR", "specialite": "MEDECIN GENERALISTE", "nom": "TAN", "geolocalisation": [48.81965255737305, 2.2511422634124756], "cp": 92130.0, "ville": "ISSY LES MOULINEAUX", "adresse": "4 rue du Docteur Lombard", "prenom": "SIV CHAU"}, "geometry": {"type": "Point", "coordinates": [2.2511422634124756, 48.81965255737305]}, "record_timestamp": "2020-02-21T15:36:25.257+01:00"},{"datasetid": "medecins-generalistes-et-infirmiers", "recordid": "0f3260991c08691537a8e73b201fd9679809f294", "fields": {"civilite": "MONSIEUR", "specialite": "MEDECIN GENERALISTE", "nom": "BUSCH", "geolocalisation": [48.827545166015625, 2.27622652053833], "commentaire": "CABINET MEDICAL", "cp": 92130.0, "ville": "ISSY LES MOULINEAUX", "adresse": "40 boulevard Gambetta", "prenom": "JEAN-LOUIS"}, "geometry": {"type": "Point", "coordinates": [2.27622652053833, 48.827545166015625]}, "record_timestamp": "2020-02-21T15:36:25.257+01:00"},{"datasetid": "medecins-generalistes-et-infirmiers", "recordid": "d0084bea9049e11e0cb060dcef340c97d8f3e113", "fields": {"civilite": "MONSIEUR", "specialite": "MEDECIN GENERALISTE", "nom": "CHETRIT", "geolocalisation": [48.827545166015625, 2.27622652053833], "commentaire": "CABINET MEDICAL", "cp": 92130.0, "ville": "ISSY LES MOULINEAUX", "adresse": "40 boulevard Gambetta", "prenom": "MICKAEL"}, "geometry": {"type": "Point", "coordinates": [2.27622652053833, 48.827545166015625]}, "record_timestamp": "2020-02-21T15:36:25.257+01:00"},{"datasetid": "medecins-generalistes-et-infirmiers", "recordid": "70efefa1422aa646d835d36315170c9dd10ae6e5", "fields": {"civilite": "MONSIEUR", "specialite": "CABINET INFIRMIER", "nom": "PAVEC", "geolocalisation": [48.82236862182617, 2.2667582035064697], "cp": 92130.0, "ville": "ISSY LES MOULINEAUX", "adresse": "49 avenue Victor Cresson", "prenom": "XAVIER"}, "geometry": {"type": "Point", "coordinates": [2.2667582035064697, 48.82236862182617]}, "record_timestamp": "2020-02-21T15:36:25.257+01:00"},{"datasetid": "medecins-generalistes-et-infirmiers", "recordid": "19eb93bd2e0dd844d894bb4e6d7133d14a5bd64d", "fields": {"civilite": "MADAME", "specialite": "CABINET INFIRMIER", "nom": "NTUMBA", "geolocalisation": [48.82236862182617, 2.2667582035064697], "cp": 92130.0, "ville": "ISSY LES MOULINEAUX", "adresse": "49 avenue Victor Cresson", "prenom": "CHRISTELLE"}, "geometry": {"type": "Point", "coordinates": [2.2667582035064697, 48.82236862182617]}, "record_timestamp": "2020-02-21T15:36:25.257+01:00"},{"datasetid": "medecins-generalistes-et-infirmiers", "recordid": "79ea1236a1f3835e41bbfca004ed4d8ab371f062", "fields": {"civilite": "MADAME", "specialite": "MEDECIN GENERALISTE", "nom": "JUBIEN", "geolocalisation": [48.82236862182617, 2.2667582035064697], "cp": 92130.0, "ville": "ISSY LES MOULINEAUX", "adresse": "57 avenue Victor Cresson", "prenom": "BRIGITTE"}, "geometry": {"type": "Point", "coordinates": [2.2667582035064697, 48.82236862182617]}, "record_timestamp": "2020-02-21T15:36:25.257+01:00"},{"datasetid": "medecins-generalistes-et-infirmiers", "recordid": "6e7c3b5f3fa876cfc5856df1a1848cc8a7690c28", "fields": {"civilite": "MONSIEUR", "specialite": "MEDECIN GENERALISTE", "nom": "SENBEL", "geolocalisation": [48.82972717285156, 2.278399705886841], "cp": 92130.0, "ville": "ISSY LES MOULINEAUX", "adresse": "8 rue Maurice Champeau", "prenom": "THIERRY"}, "geometry": {"type": "Point", "coordinates": [2.278399705886841, 48.82972717285156]}, "record_timestamp": "2020-02-21T15:36:25.257+01:00"}]